participant,trial_index,gender,condition,perturbed,signed_shift_cents,perturb_dur_ms,baseline_f0_hz
P001,1,female,neg100,1,-100,202.7,160.40
P001,2,female,neg100,1,-100,202.7,165.45
P001,3,female,neg100,1,-100,202.7,167.11
P001,4,female,neg100,1,-100,202.7,167.00
P001,5,female,control,0,0,202.7,166.83
P003,1,male,pos100,1,100,202.7,116.28
P003,2,male,control,0,0,202.7,117.35
P003,3,male,pos100,1,100,202.7,118.18
P003,4,male,neg100,1,-100,202.7,118.18
P003,5,male,neg100,1,-100,202.7,117.30
P005,1,female,neg100,1,-100,202.7,269.74
P005,2,female,neg100,1,-100,202.7,265.68
P005,3,female,neg100,1,-100,202.7,268.78
P005,4,female,pos100,1,100,202.7,271.34
P005,5,female,pos100,1,100,202.7,271.86
P006,1,male,control,0,0,202.7,121.42
P006,2,male,control,0,0,202.7,122.30
P006,3,male,control,0,0,202.7,122.52
P006,4,male,neg100,1,-100,202.7,121.78
P006,5,male,pos100,1,100,202.7,123.28
P007,1,male,neg100,1,-100,202.7,118.69
P007,2,male,pos100,1,100,202.7,119.04
P007,3,male,neg100,1,-100,202.7,120.49
P007,4,male,control,0,0,202.7,122.70
P007,5,male,pos100,1,100,202.7,122.31
P008,1,male,pos100,1,100,202.7,124.45
P008,2,male,control,0,0,202.7,118.12
P008,3,male,pos100,1,100,202.7,121.51
P008,4,male,neg100,1,-100,202.7,115.56
P008,5,male,neg100,1,-100,202.7,115.91
P009,1,female,pos100,1,100,202.7,282.15
P009,2,female,pos100,1,100,202.7,277.37
P009,3,female,neg100,1,-100,202.7,280.75
P009,4,female,pos100,1,100,202.7,277.53
P009,5,female,neg100,1,-100,202.7,274.99
P010,1,female,neg100,1,-100,202.7,223.51
P010,2,female,pos100,1,100,202.7,216.84
P010,3,female,pos100,1,100,202.7,223.75
P010,4,female,control,0,0,202.7,232.46
P010,5,female,control,0,0,202.7,225.25
P011,1,male,neg100,1,-100,202.7,114.27
P011,2,male,pos100,1,100,202.7,114.07
P011,3,male,control,0,0,202.7,115.57
P011,4,male,pos100,1,100,202.7,113.62
P011,5,male,neg100,1,-100,202.7,112.45
P012,1,female,neg100,1,-100,202.7,242.03
P012,2,female,pos100,1,100,202.7,242.32
P012,3,female,pos100,1,100,202.7,245.31
P012,4,female,pos100,1,100,202.7,246.09
P012,5,female,pos100,1,100,202.7,240.90
P013,1,female,neg100,1,-100,202.7,217.41
P013,2,female,neg100,1,-100,202.7,220.88
P013,3,female,pos100,1,100,202.7,212.88
P013,4,female,pos100,1,100,202.7,219.37
P013,5,female,pos100,1,100,202.7,213.09
P014,1,female,neg100,1,-100,202.7,311.92
P014,2,female,pos100,1,100,202.7,311.57
P014,3,female,neg100,1,-100,202.7,320.43
P014,4,female,control,0,0,202.7,318.92
P014,5,female,pos100,1,100,202.7,322.38
P015,1,female,pos100,1,100,202.7,231.11
P015,2,female,pos100,1,100,202.7,234.34
P015,3,female,neg100,1,-100,202.7,231.25
P015,4,female,pos100,1,100,202.7,233.03
P015,5,female,neg100,1,-100,202.7,230.01
P016,1,male,pos100,1,100,202.7,134.01
P016,2,male,pos100,1,100,202.7,133.47
P016,3,male,neg100,1,-100,202.7,133.48
P016,4,male,pos100,1,100,202.7,133.55
P016,5,male,neg100,1,-100,202.7,134.68
P017,1,male,pos100,1,100,202.7,152.84
P017,2,male,pos100,1,100,202.7,154.08
P017,3,male,pos100,1,100,202.7,152.50
P017,4,male,neg100,1,-100,202.7,154.07
P017,5,male,control,0,0,202.7,151.95
P018,1,female,pos100,1,100,202.7,230.59
P018,2,female,pos100,1,100,202.7,227.41
P018,3,female,neg100,1,-100,202.7,229.09
P018,4,female,pos100,1,100,202.7,228.97
P018,5,female,neg100,1,-100,202.7,228.19
P019,1,female,pos100,1,100,202.7,259.99
P019,2,female,pos100,1,100,202.7,265.42
P019,3,female,neg100,1,-100,202.7,266.42
P019,4,female,pos100,1,100,202.7,270.49
P019,5,female,neg100,1,-100,202.7,269.26
P020,1,female,pos100,1,100,202.7,270.59
P020,2,female,pos100,1,100,202.7,266.75
P020,3,female,neg100,1,-100,202.7,271.07
P020,4,female,pos100,1,100,202.7,264.02
P020,5,female,neg100,1,-100,202.7,267.02
P021,1,male,pos100,1,100,202.7,133.34
P021,2,male,neg100,1,-100,202.7,133.64
P021,3,male,pos100,1,100,202.7,139.90
P021,4,male,neg100,1,-100,202.7,135.79
P021,5,male,control,0,0,202.7,136.39
P022,1,male,pos100,1,100,202.7,138.73
P022,2,male,control,0,0,202.7,139.66
P022,3,male,neg100,1,-100,202.7,139.77
P022,4,male,neg100,1,-100,202.7,138.87
P022,5,male,neg100,1,-100,202.7,141.56
P023,1,female,neg100,1,-100,202.7,195.29
P023,2,female,neg100,1,-100,202.7,190.83
P023,3,female,neg100,1,-100,202.7,192.90
P023,4,female,control,0,0,202.7,194.57
P023,5,female,control,0,0,202.7,195.08
P024,1,male,pos100,1,100,202.7,91.55
P024,2,male,pos100,1,100,202.7,94.79
P024,3,male,neg100,1,-100,202.7,92.48
P024,4,male,pos100,1,100,202.7,95.81
P024,5,male,neg100,1,-100,202.7,94.04
P025,1,female,pos100,1,100,202.7,234.83
P025,2,female,pos100,1,100,202.7,245.85
P025,3,female,neg100,1,-100,202.7,249.37
P025,4,female,pos100,1,100,202.7,233.64
P025,5,female,neg100,1,-100,202.7,233.54
P026,1,male,neg100,1,-100,202.7,138.04
P026,2,male,pos100,1,100,202.7,138.84
P026,3,male,neg100,1,-100,202.7,139.46
P026,4,male,control,0,0,202.7,137.52
P026,5,male,control,0,0,202.7,139.45
P027,1,female,neg100,1,-100,202.7,280.31
P027,2,female,neg100,1,-100,202.7,279.42
P027,3,female,neg100,1,-100,202.7,276.98
P027,4,female,neg100,1,-100,202.7,277.20
P027,5,female,control,0,0,202.7,283.16
P028,1,female,neg100,1,-100,202.7,206.61
P028,2,female,neg100,1,-100,202.7,213.85
P028,3,female,neg100,1,-100,202.7,207.86
P028,4,female,neg100,1,-100,202.7,208.81
P028,5,female,control,0,0,202.7,208.58
P029,1,male,pos100,1,100,202.7,110.72
P029,2,male,pos100,1,100,202.7,110.06
P029,3,male,neg100,1,-100,202.7,110.59
P029,4,male,pos100,1,100,202.7,111.12
P029,5,male,neg100,1,-100,202.7,112.34
P030,1,female,pos100,1,100,202.7,255.19
P030,2,female,pos100,1,100,202.7,252.01
P030,3,female,neg100,1,-100,202.7,253.12
P030,4,female,pos100,1,100,202.7,252.40
P030,5,female,neg100,1,-100,202.7,252.36
